{
    "objects": [
        {
            "modelPath": "./resources/objects/Mini Tokyo/Mini Tokyo.obj",
            "position": [
                -27.0,
                -3.0,
                0.0
            ],
            "rotation": [
                0.0,
                0.0,
                0.0
            ],
            "scale": [
                0.10000000149011612,
                0.10000000149011612,
                0.10000000149011612
            ]
        },
        {
            "modelPath": "./resources/objects/nanosuit/nanosuit.obj",
            "position": [
                -15.0,
                -5.0,
                0.0
            ],
            "rotation": [
                0.0,
                90.0,
                0.0
            ],
            "scale": [
                0.4000000059604645,
                0.4000000059604645,
                0.4000000059604645
            ]
        }
    ]
}